model,original_row,time_s,bulk_corr_Pa,cumulative_zeta_Pa_s
s_1.00,0,0.0000000000000000e+00,6.7290000000000000e+08,0.0000000000000000e+00
s_1.00,400,2.5799999999999999e-12,2.9580000000000000e+07,2.6421695250000021e-04
s_1.00,800,5.1599999999999998e-12,1.1570000000000000e+07,3.1387334250000004e-04
s_1.00,1200,7.7400000000000005e-12,8.0060000000000000e+06,3.4197803199999998e-04
s_1.00,1600,1.0320000000000000e-11,3.5730000000000000e+06,3.5659618900000004e-04
s_1.00,2000,1.2900000000000000e-11,3.3820000000000000e+06,3.6591598399999994e-04
s_1.00,2400,1.5480000000000001e-11,3.0560000000000000e+06,3.7259365999999970e-04
s_1.00,2800,1.8060000000000000e-11,7.0700000000000000e+05,3.7660059099999931e-04
s_1.00,3200,2.0639999999999999e-11,1.2020000000000000e+06,3.7712761575999941e-04
s_1.00,3600,2.3219999999999998e-11,9.5760000000000000e+05,3.8000574495999977e-04
s_1.00,4000,2.5800000000000001e-11,-6.2950000000000000e+05,3.8033088906000022e-04
s_1.00,4400,2.8380000000000000e-11,3.0230000000000000e+05,3.7918815721000026e-04
s_1.00,4800,3.0960000000000002e-11,-4.5600000000000000e+05,3.7860944086000011e-04
s_1.00,5200,3.3540000000000001e-11,9.9250000000000000e+05,3.7833547085999990e-04
s_1.00,5600,3.6120000000000000e-11,3.7360000000000000e+05,3.7933396826000005e-04
s_1.00,6000,3.8699999999999999e-11,4.8950000000000000e+05,3.7880334075000036e-04
s_1.00,6400,4.1279999999999999e-11,-8.5630000000000000e+04,3.7921144852000039e-04
s_1.00,6800,4.3859999999999998e-11,6.8460000000000000e+05,3.7913476907000082e-04
s_1.00,7200,4.6439999999999997e-11,7.7930000000000000e+05,3.7840408367000088e-04
s_1.00,7600,4.9020000000000002e-11,4.3250000000000000e+05,3.8104000427000104e-04
s_1.00,8000,5.1600000000000001e-11,-1.6510000000000000e+06,3.8049726748500099e-04
s_0.00,0,0.0000000000000000e+00,3.9080000000000000e+08,0.0000000000000000e+00
s_0.00,300,9.0000000000000000e-13,8.8910000000000000e+05,3.3241789979999956e-05
s_0.00,600,1.8000000000000000e-12,2.6120000000000000e+05,3.3688599569999917e-05
s_0.00,900,2.6999999999999998e-12,7.9180000000000000e+05,3.4058112299999891e-05
s_0.00,1200,3.6000000000000000e-12,-8.6890000000000000e+04,3.4244738834999928e-05
s_0.00,1500,4.4999999999999998e-12,5.2470000000000000e+05,3.4326694940999999e-05
s_0.00,1800,5.3999999999999996e-12,2.2350000000000000e+05,3.4301485187999948e-05
s_0.00,2100,6.3000000000000002e-12,6.3090000000000000e+05,3.4196197184999973e-05
s_0.00,2400,7.2000000000000000e-12,7.8160000000000000e+05,3.4218466841999943e-05
s_0.00,2700,8.0999999999999998e-12,1.0320000000000000e+05,3.4221260450999943e-05
s_0.00,3000,8.9999999999999996e-12,-2.1160000000000000e+05,3.4172346155999939e-05
s_0.00,3300,9.8999999999999994e-12,2.0670000000000000e+05,3.3884167643999915e-05
s_0.00,3600,1.0799999999999999e-11,-2.5230000000000000e+04,3.4328389543999936e-05
s_0.00,3900,1.1700000000000001e-11,7.5540000000000000e+04,3.4605061118999928e-05
s_0.00,4200,1.2600000000000000e-11,-1.2970000000000000e+06,3.4396299098999915e-05
s_0.00,4500,1.3500000000000000e-11,7.0690000000000000e+05,3.4214710403999937e-05
s_0.00,4800,1.4400000000000000e-11,-2.9400000000000000e+04,3.4343531413999969e-05
s_0.00,5100,1.5300000000000001e-11,-2.3890000000000000e+05,3.4569995529000003e-05
s_0.00,5400,1.6200000000000000e-11,1.5690000000000000e+06,3.4448064294000008e-05
s_0.00,5700,1.7100000000000001e-11,-1.2490000000000000e+05,3.4752429094000019e-05
s_0.00,6000,1.7999999999999999e-11,4.7290000000000000e+05,3.5109834144000013e-05
